team,group,fifa_rank,fifa_points,squad_value_m,recent_results,recent_form_index,fc26_rating,qualifiers_ppg
Algeria,Group J,31,1209.5,190.0,D-L-D-D-W,0.4,75,1.64
Argentina,Group J,4,1799.0,799.5,W-W-L-D-W,0.667,84,2.21
Australia,Group D,35,1178.0,40.0,D-W-W-L-D,0.533,73,1.6
Austria,Group J,14,1545.0,280.0,W-L-L-D-W,0.467,80,2.1
Belgium,Group G,5,1780.0,550.7,D-D-W-W-W,0.733,82,2.2
Bosnia and Herzegovina,Group B,24,1330.0,70.0,W-W-D-L-W,0.667,71,1.7
Brazil,Group C,9,1718.4,943.2,W-W-W-L-W,0.8,84,2.02
Cabo Verde,Group H,41,1131.6,20.0,W-L-D-W-W,0.667,69,1.23
Canada,Group B,37,1160.0,180.0,D-W-W-W-D,0.733,77,1.44
Colombia,Group K,12,1574.4,280.0,W-W-D-D-L,0.533,80,2.11
Croatia,Group L,8,1720.0,350.0,W-L-W-D-W,0.667,80,2.0
Curaçao,Group E,45,1024.0,10.0,D-L-L-L-D,0.133,66,1.12
Czechia,Group A,16,1500.0,120.0,W-W-D-D-W,0.733,76,1.8
Côte d'Ivoire,Group E,29,1225.9,300.0,W-L-L-D-L,0.267,76,1.64
DR Congo,Group K,40,1139.8,110.0,W-W-L-W-W,0.8,72,1.39
Ecuador,Group E,20,1454.4,240.0,D-D-D-W-W,0.6,76,1.63
Egypt,Group G,28,1230.0,140.0,W-W-D-W-W,0.867,76,1.8
England,Group L,3,1810.0,1027.5,W-W-W-W-W,1.0,85,2.3
France,Group I,2,1869.0,1550.0,W-W-W-W-W,1.0,86,2.4
Germany,Group E,10,1715.0,982.0,L-D-W-W-W,0.667,84,2.2
Ghana,Group L,42,1115.2,220.0,L-D-D-D-W,0.4,73,1.15
Haiti,Group C,47,1008.0,15.0,L-L-L-L-D,0.067,66,1.2
Iran,Group G,33,1200.8,50.0,W-W-W-W-L,0.8,72,1.75
Iraq,Group I,43,1067.8,12.0,L-W-D-W-L,0.467,69,1.37
Japan,Group F,32,1208.4,260.0,W-W-D-W-W,0.867,79,1.9
Jordan,Group J,46,1018.4,15.0,D-L-L-L-L,0.067,67,1.22
Mexico,Group A,27,1300.0,200.0,W-L-D-D-W,0.533,77,1.44
Morocco,Group C,22,1361.2,350.0,D-W-W-W-W,0.867,81,1.89
Netherlands,Group F,7,1740.0,814.2,W-W-W-W-L,0.8,83,2.3
New Zealand,Group G,48,754.0,15.0,D-D-L-D-L,0.2,65,1.62
Norway,Group I,19,1460.0,592.0,W-W-W-W-D,0.867,79,2.5
Panama,Group L,36,1176.0,25.0,L-W-W-D-W,0.667,68,1.52
Paraguay,Group D,23,1353.6,120.0,D-W-L-W-L,0.467,74,1.34
Portugal,Group K,6,1750.0,1010.0,W-W-W-D-W,0.867,84,2.6
Qatar,Group B,39,1143.8,20.0,D-W-W-L-L,0.467,70,1.44
Saudi Arabia,Group H,21,1430.0,25.0,L-W-W-D-L,0.467,72,1.8
Scotland,Group C,17,1490.0,180.0,L-W-W-W-W,0.8,75,1.7
Senegal,Group I,26,1312.0,280.0,L-W-W-W-D,0.667,76,1.72
South Africa,Group A,38,1148.0,25.0,W-W-L-L-L,0.4,70,1.31
South Korea,Group A,34,1185.6,180.0,W-L-L-W-W,0.6,77,1.67
Spain,Group H,1,1873.0,1220.0,L-W-W-W-W,0.8,85,2.5
Sweden,Group F,15,1520.0,220.0,W-W-L-L-D,0.467,77,1.8
Switzerland,Group B,11,1610.0,250.0,L-W-W-D-W,0.667,79,1.9
Tunisia,Group F,30,1213.6,50.0,L-L-W-L-D,0.267,72,1.48
Türkiye,Group D,18,1485.0,230.0,L-L-W-W-W,0.6,77,1.9
United States,Group D,25,1320.0,320.0,W-W-L-W-W,0.8,80,1.6
Uruguay,Group H,13,1564.8,480.0,W-D-D-W-D,0.6,81,2.11
Uzbekistan,Group K,44,1052.6,35.0,D-L-L-W-L,0.267,69,1.44
