team,recent_results,form_index
Mexico,W-L-D-D-W,0.533
South Africa,W-W-L-L-L,0.4
South Korea,W-L-L-W-W,0.6
Czechia,W-W-D-D-W,0.733
Canada,D-W-W-W-D,0.733
Bosnia and Herzegovina,W-W-D-L-W,0.667
Qatar,D-W-W-L-L,0.467
Switzerland,L-W-W-D-W,0.667
Brazil,W-W-W-L-W,0.8
Morocco,D-W-W-W-W,0.867
Haiti,L-L-L-L-D,0.067
Scotland,L-W-W-W-W,0.8
United States,W-W-L-W-W,0.8
Paraguay,D-W-L-W-L,0.467
Australia,D-W-W-L-D,0.533
Türkiye,L-L-W-W-W,0.6
Germany,L-D-W-W-W,0.667
Curaçao,D-L-L-L-D,0.133
Côte d'Ivoire,W-L-L-D-L,0.267
Ecuador,D-D-D-W-W,0.6
Netherlands,W-W-W-W-L,0.8
Japan,W-W-D-W-W,0.867
Sweden,W-W-L-L-D,0.467
Tunisia,L-L-W-L-D,0.267
Belgium,D-D-W-W-W,0.733
Egypt,W-W-D-W-W,0.867
Iran,W-W-W-W-L,0.8
New Zealand,D-D-L-D-L,0.2
Spain,L-W-W-W-W,0.8
Cabo Verde,W-L-D-W-W,0.667
Saudi Arabia,L-W-W-D-L,0.467
Uruguay,W-D-D-W-D,0.6
France,W-W-W-W-W,1.0
Senegal,L-W-W-W-D,0.667
Iraq,L-W-D-W-L,0.467
Norway,W-W-W-W-D,0.867
Argentina,W-W-L-D-W,0.667
Algeria,D-L-D-D-W,0.4
Austria,W-L-L-D-W,0.467
Jordan,D-L-L-L-L,0.067
Portugal,W-W-W-D-W,0.867
DR Congo,W-W-L-W-W,0.8
Uzbekistan,D-L-L-W-L,0.267
Colombia,W-W-D-D-L,0.533
England,W-W-W-W-W,1.0
Croatia,W-L-W-D-W,0.667
Ghana,L-D-D-D-W,0.4
Panama,L-W-W-D-W,0.667
